Data Source,World Development Indicators,,,,,,,,,,,,,,,,,,,,,,,,,,,,,,,,,,,,,,,,,,,,,,,,,,,,,,,,,,,,,
,,,,,,,,,,,,,,,,,,,,,,,,,,,,,,,,,,,,,,,,,,,,,,,,,,,,,,,,,,,,,,
Last Updated Date,4/24/2019,,,,,,,,,,,,,,,,,,,,,,,,,,,,,,,,,,,,,,,,,,,,,,,,,,,,,,,,,,,,,
,,,,,,,,,,,,,,,,,,,,,,,,,,,,,,,,,,,,,,,,,,,,,,,,,,,,,,,,,,,,,,
Country Name,Country Code,Indicator Name,Indicator Code,1960,1961,1962,1963,1964,1965,1966,1967,1968,1969,1970,1971,1972,1973,1974,1975,1976,1977,1978,1979,1980,1981,1982,1983,1984,1985,1986,1987,1988,1989,1990,1991,1992,1993,1994,1995,1996,1997,1998,1999,2000,2001,2002,2003,2004,2005,2006,2007,2008,2009,2010,2011,2012,2013,2014,2015,2016,2017,2018
Aruba,ABW,Low-birthweight babies (% of births),SH.STA.BRTW.ZS,,,,,,,,,,,,,,,,,,,,,,,,,,,,,,,,,,,,,,,,,,,,,,,,,,,,,,,,,,,
Afghanistan,AFG,Low-birthweight babies (% of births),SH.STA.BRTW.ZS,,,,,,,,,,,,,,,,,,,,,,,,,,,,,,,,,,,,,,,,,,,,,,,,,,,,,,,,,,,
Angola,AGO,Low-birthweight babies (% of births),SH.STA.BRTW.ZS,,,,,,,,,,,,,,,,,,,,,,,,,,,,,,,,,,,,,,,,,12,,,,,,,,,,,,,,,,,,
Albania,ALB,Low-birthweight babies (% of births),SH.STA.BRTW.ZS,,,,,,,,,,,,,,,,,,,,,,,,,,,,,,,,,,,,,,,,,3.1,,4.6,,,6.9,,,,3.6,,,,,,,,,
Andorra,AND,Low-birthweight babies (% of births),SH.STA.BRTW.ZS,,,,,,,,,,,,,,,,,,,,,,,,,,,,,,,,,,,,,,,,,,,,,,,,,,,,,,,,,,,
Arab World,ARB,Low-birthweight babies (% of births),SH.STA.BRTW.ZS,,,,,,,,,,,,,,,,,,,,,,,,,,,,,,,,,,,,,,,,,14.76736966,,,,,,,,,,,,,,,,,,
United Arab Emirates,ARE,Low-birthweight babies (% of births),SH.STA.BRTW.ZS,,,,,,,,,,,,,,,,,,,,,,,,,,,,,,,,,,,,15,,,,,,,,,,,,,,6.1,,,,,,,,,
Argentina,ARG,Low-birthweight babies (% of births),SH.STA.BRTW.ZS,,,,,,,,,,,,,,,,,,,,,,,,,,,,,,,,,,,,,,,,7.1,,,,7.8,7.5,,7.1,7.1,7.3,7.1,7.1,7.2,,,,,,,
Armenia,ARM,Low-birthweight babies (% of births),SH.STA.BRTW.ZS,,,,,,,,,,,,,,,,,,,,,,,,,,,,,,,,,,,,,,,,,7.2,,,,,8.2,,7.4,,,8,,,,,,,,
American Samoa,ASM,Low-birthweight babies (% of births),SH.STA.BRTW.ZS,,,,,,,,,,,,,,,,,,,,,,,,,,,,,,,,,,,,,,,,,,,,,,,,,,,,,,,,,,,
Antigua and Barbuda,ATG,Low-birthweight babies (% of births),SH.STA.BRTW.ZS,,,,,,,,,,,,,,,,,,,,,,,,,,,,,,,,,,,,,8,,8,,,,7.6,,7.8,5.300000191,,5,5.3,,,6,,,,,,,
Australia,AUS,Low-birthweight babies (% of births),SH.STA.BRTW.ZS,,,,,,,,,,,,,,,,,,,,,,,,,,,,,,,,,,,,,,,,,7,,,,,,,,,,6.2,,,,,,,,
Austria,AUT,Low-birthweight babies (% of births),SH.STA.BRTW.ZS,,,,,,,,,,,,,,,,,,,,,,,,,,,,,,,,,,,,,,,,,,7,,,,,,,,,,6.9,,,,,,,
Azerbaijan,AZE,Low-birthweight babies (% of births),SH.STA.BRTW.ZS,,,,,,,,,,,,,,,,,,,,,,,,,,,,,,,,,,,,,,,,,10.9,12,,,,,10,,,,,,,,,,,,
Burundi,BDI,Low-birthweight babies (% of births),SH.STA.BRTW.ZS,,,,,,,,,,,,,,,,,,,,,,,,,,,,,,,,,,,,,,,,,15.8,,,,,11.2,,,,,12.9,,,,,,,,
Belgium,BEL,Low-birthweight babies (% of births),SH.STA.BRTW.ZS,,,,,,,,,,,,,,,,,,,,,,,,,,,,,,,,,,,,,,7.5,,,,,,,,,,,,7,,,,,,,,,
Benin,BEN,Low-birthweight babies (% of births),SH.STA.BRTW.ZS,,,,,,,,,,,,,,,,,,,,,,,,,,,,,,,,,,,,,16.1,,,,,16.1,,,,,15,,,,,,,,,,,,
Burkina Faso,BFA,Low-birthweight babies (% of births),SH.STA.BRTW.ZS,,,,,,,,,,,,,,,,,,,,,,,,,,,,,,,,,,17.3,,,,,,18.7,,,,18.6,,,16.2,,,,14.1,,,,,,,,
Bangladesh,BGD,Low-birthweight babies (% of births),SH.STA.BRTW.ZS,,,,,,,,,,,,,,,,,,,,,,,,,,,,,,,,,,,,,,,30,,,,,,35.6,,22,,,,,,,,,,,,
Bulgaria,BGR,Low-birthweight babies (% of births),SH.STA.BRTW.ZS,,,,,,,,,,,,,,,,,,,,,,,,,,,,,,,,,,,,,,,,,,9.7,,,,,,8.9,,,8.712,8.8,,,,,,,
Bahrain,BHR,Low-birthweight babies (% of births),SH.STA.BRTW.ZS,,,,,,,,,,,,,,,,,,,,,,,,,,,,,,,,,,,,,,,,8.3,,,,,,,,,,,,,9.9,,,,,,
"Bahamas, The",BHS,Low-birthweight babies (% of births),SH.STA.BRTW.ZS,,,,,,,,,,,,,,,,,,,,,,,,,,,,,,,,,,,,,7,,,7,,,11,11.2,10.3,,10.6,11,10.5,,,11.6,,,,,,,
Bosnia and Herzegovina,BIH,Low-birthweight babies (% of births),SH.STA.BRTW.ZS,,,,,,,,,,,,,,,,,,,,,,,,,,,,,,,,,,,,,,,,,3.5,,,,,,4.5,,,,,,4.5,,,,,,
Belarus,BLR,Low-birthweight babies (% of births),SH.STA.BRTW.ZS,,,,,,,,,,,,,,,,,,,,,,,,,,,,,,,,,,,,,,,,,,5.2,,,,4,,,,,,5.1,,,,,,,
Belize,BLZ,Low-birthweight babies (% of births),SH.STA.BRTW.ZS,,,,,,,,,,,,,,,,,,,,,,,,,,,,,,,,,,,,,6,,,5.8,,,,,4.4,,8.1,6.9,13.5,,,11.1,,,,,,,
Bermuda,BMU,Low-birthweight babies (% of births),SH.STA.BRTW.ZS,,,,,,,,,,,,,,,,,,,,,,,,,,,,,,,,,,,,,,,,,,,,,,,,,,,,,,,,,,,
Bolivia,BOL,Low-birthweight babies (% of births),SH.STA.BRTW.ZS,,,,,,,,,,,,,,,,,,,,,,,,,,,,,,,,,,,8.2,,,,8.7,,5.1,,,7.3,,,,,6,,,,,,,,,,
Brazil,BRA,Low-birthweight babies (% of births),SH.STA.BRTW.ZS,,,,,,,,,,,,,,,,,,,,,,,,,,,,,,,,,,,,,10.4,,,,,,,8.2,8.2,8.1,8.2,8.2,,7.76,8.39,8.5,,,,,,,
Barbados,BRB,Low-birthweight babies (% of births),SH.STA.BRTW.ZS,,,,,,,,,,,,,,,,,,,,,,,,,,,,,,,,,,,,,10,,,10,,,,11,12.80000019,14,14,13.6,11.8,,,11.5,,,,,,,
Brunei Darussalam,BRN,Low-birthweight babies (% of births),SH.STA.BRTW.ZS,,,,,,,,,,,,,,,,,,,,,,,,,,,,,,,,,,,,,,,,10,,,,,,,,,,,,11.9,,,,,,,
Bhutan,BTN,Low-birthweight babies (% of births),SH.STA.BRTW.ZS,,,,,,,,,,,,,,,,,,,,,,,,,,,,,,,,,,,,,,,,15,,,,,,,,,9.3,,9.9,,,,,,,,
Botswana,BWA,Low-birthweight babies (% of births),SH.STA.BRTW.ZS,,,,,,,,,,,,,,,,,,,,,,,,,,,,,,,,,,,,,,,,,9.9,,,,,,,13,,,,,,,,,,,
Central African Republic,CAF,Low-birthweight babies (% of births),SH.STA.BRTW.ZS,,,,,,,,,,,,,,,,,,,,,,,,,,,,,,,,,,,14.3,,,,,,14.2,,,,,,13,,,,13.7,,,,,,,,
Canada,CAN,Low-birthweight babies (% of births),SH.STA.BRTW.ZS,,,,,,,,,,,,,,,,,,,,,,,,,,,,,,,,,,,,,,,,,6,,,,,,,,,,,6.1,,,,,,,
Central Europe and the Baltics,CEB,Low-birthweight babies (% of births),SH.STA.BRTW.ZS,,,,,,,,,,,,,,,,,,,,,,,,,,,,,,,,,,,,,,,,,7.166923768,,,,,,,,,,6.953293167,,,,,,,,
Switzerland,CHE,Low-birthweight babies (% of births),SH.STA.BRTW.ZS,,,,,,,,,,,,,,,,,,,,,,,,,,,,,,,,,,,,,,,,6.3,,,,,,,,,,,,,6.7,,,,,,
Channel Islands,CHI,Low-birthweight babies (% of births),SH.STA.BRTW.ZS,,,,,,,,,,,,,,,,,,,,,,,,,,,,,,,,,,,,,,,,,,,,,,,,,,,,,,,,,,,
Chile,CHL,Low-birthweight babies (% of births),SH.STA.BRTW.ZS,,,,,,,,,,,,,,,,,,,,,,,,,,,,,,,,,,,,,,,,,,5.3,,,5.65,5.5,,5.8,5.92,5.9,,5.9,,,,,,,
China,CHN,Low-birthweight babies (% of births),SH.STA.BRTW.ZS,,,,,,,,,,,,,,,,,,,,,,,,,,,,,,,,,,,,,,,,5.9,2.4,,,3.7,,2.21,2.22,2.26,2.35,2.4,2.34,2.33,2.38,,,,,,
Ivory Coast,CIV,Low-birthweight babies (% of births),SH.STA.BRTW.ZS,,,,,,,,,,,,,,,,,,,,,,,,,,,,,,,,,,,16,,,,17.4,,16.9,,,,,,17,,,,,,,,,,,,
Cameroon,CMR,Low-birthweight babies (% of births),SH.STA.BRTW.ZS,,,,,,,,,,,,,,,,,,,,,,,,,,,,,,,,,,,,,,,10.7,,11,,,,13.1,,11,,,,,,,,,,,,
"Congo, Dem. Rep.",COD,Low-birthweight babies (% of births),SH.STA.BRTW.ZS,,,,,,,,,,,,,,,,,,,,,,,,,,,,,,,,,,,,,,,,,,11.9,,,,,,9.6,,,9.5,,,,,,,,
"Congo, Rep.",COG,Low-birthweight babies (% of births),SH.STA.BRTW.ZS,,,,,,,,,,,,,,,,,,,,,,,,,,,,,,,,,,,,,,,,,,,,,,13,,,,,,,,,,,,,
Colombia,COL,Low-birthweight babies (% of births),SH.STA.BRTW.ZS,,,,,,,,,,,,,,,,,,,,,,,,,,,,,,,7.2,,,,,8.7,,,,,8.7,,,,,6,,,,,,,9.5,,,,,,
Comoros,COM,Low-birthweight babies (% of births),SH.STA.BRTW.ZS,,,,,,,,,,,,,,,,,,,,,,,,,,,,,,,,,,,,,20.7,,,,25,,,,,,,,,,,,,,,,,,
Cabo Verde,CPV,Low-birthweight babies (% of births),SH.STA.BRTW.ZS,,,,,,,,,,,,,,,,,,,,,,,,,,,,,,,,,,,,,,,12.9,,,,,,,6,,,,,,,,,,,,,
Costa Rica,CRI,Low-birthweight babies (% of births),SH.STA.BRTW.ZS,,,,,,,,,,,,,,,,,,,,,,,,,,,,,,,,,,,,,,,,,6.5,,,7.03,,7.1,,6.6,6.5,,6.65,7.2,7.3,,,,,,
Caribbean small states,CSS,Low-birthweight babies (% of births),SH.STA.BRTW.ZS,,,,,,,,,,,,,,,,,,,,,,,,,,,,,,,,,,,,,,,,,11.63646806,,,,,,,,,,11.864379,,,,,,,,
Cuba,CUB,Low-birthweight babies (% of births),SH.STA.BRTW.ZS,,,,,,,,,,,,,,,,,,,,,,,,,,,,,,,,,,,,,,,,,,5.9,,,,5.4,,5.2,5.1,5.1,5.4,5.3,5.2,,,,,,
Curacao,CUW,Low-birthweight babies (% of births),SH.STA.BRTW.ZS,,,,,,,,,,,,,,,,,,,,,,,,,,,,,,,,,,,,,,,,,,,,,,,,,,,,,,,,,,,
Cayman Islands,CYM,Low-birthweight babies (% of births),SH.STA.BRTW.ZS,,,,,,,,,,,,,,,,,,,,,,,,,,,,,,,,,,,,,,,,,,,,,,,,,,,,,,,,,,,
Cyprus,CYP,Low-birthweight babies (% of births),SH.STA.BRTW.ZS,,,,,,,,,,,,,,,,,,,,,,,,,,,,,,,,,,,,,,,,,,,,,,,,11.5,,,,,,,,,,,
Czech Republic,CZE,Low-birthweight babies (% of births),SH.STA.BRTW.ZS,,,,,,,,,,,,,,,,,,,,,,,,,,,,,,,,,,,,,,,,,,7,,,,,,,,,,,8,,,,,,
Germany,DEU,Low-birthweight babies (% of births),SH.STA.BRTW.ZS,,,,,,,,,,,,,,,,,,,,,,,,,,,,,,,,,,,,,,,,6.5,,,,,,,,,,,,,6.9,,,,,,
Djibouti,DJI,Low-birthweight babies (% of births),SH.STA.BRTW.ZS,,,,,,,,,,,,,,,,,,,,,,,,,,,,,,,,,,,,,,,,,,,,,,16,10,,,,,,,,,,,,
Dominica,DMA,Low-birthweight babies (% of births),SH.STA.BRTW.ZS,,,,,,,,,,,,,,,,,,,,,,,,,,,,,,,,,,,,,,,,10,,,,10.5,9.800000191,9.4,9.4,10.1,10.4,,,10.8,,,,,,,
Denmark,DNK,Low-birthweight babies (% of births),SH.STA.BRTW.ZS,,,,,,,,,,,,,,,,,,,,,,,,,,,,,,,,,,,,,,,,,,5,,,,,,,,,,,5.4,,,,,,
Dominican Republic,DOM,Low-birthweight babies (% of births),SH.STA.BRTW.ZS,,,,,,,,,,,,,,,,,,,,,,,,,,,,,,,,11.7,,,,,12.5,,,,13.7,,11.3,,,,,11,,,,,,,,,,,
Algeria,DZA,Low-birthweight babies (% of births),SH.STA.BRTW.ZS,,,,,,,,,,,,,,,,,,,,,,,,,,,,,,,,,,,,,,,,,7,,,,,,6,,,,,,,,,,,,
East Asia & Pacific (excluding high income),EAP,Low-birthweight babies (% of births),SH.STA.BRTW.ZS,,,,,,,,,,,,,,,,,,,,,,,,,,,,,,,,,,,,,,,,,6.10419278,,,,,,,,,,6.088886444,,,,,,,,
Early-demographic dividend,EAR,Low-birthweight babies (% of births),SH.STA.BRTW.ZS,,,,,,,,,,,,,,,,,,,,,,,,,,,,,,,,,,,,,,,,,22.10363518,,,,,,,,,,,,,,,,,,
East Asia & Pacific,EAS,Low-birthweight babies (% of births),SH.STA.BRTW.ZS,,,,,,,,,,,,,,,,,,,,,,,,,,,,,,,,,,,,,,,,,6.143074855,,,,,,,,,,6.224926627,,,,,,,,
Europe & Central Asia (excluding high income),ECA,Low-birthweight babies (% of births),SH.STA.BRTW.ZS,,,,,,,,,,,,,,,,,,,,,,,,,,,,,,,,,,,,,,,,,9.855450817,,,,,,,,,,7.388255654,,,,,,,,
Europe & Central Asia,ECS,Low-birthweight babies (% of births),SH.STA.BRTW.ZS,,,,,,,,,,,,,,,,,,,,,,,,,,,,,,,,,,,,,,,,,8.281879279,,,,,,,,,,7.129767653,,,,,,,,
Ecuador,ECU,Low-birthweight babies (% of births),SH.STA.BRTW.ZS,,,,,,,,,,,,,,,,,,,,,,,,,,,,,,,,,,,,,,,,16.1,,,,,,,,10,,8,,,8.6,,,,,,
"Egypt, Arab Rep.",EGY,Low-birthweight babies (% of births),SH.STA.BRTW.ZS,,,,,,,,,,,,,,,,,,,,,,,,,,,,,,,,,11.9,,,16.5,,,,,12.1,,,,,14.1,,,13,,,,,,,,,,
Euro area,EMU,Low-birthweight babies (% of births),SH.STA.BRTW.ZS,,,,,,,,,,,,,,,,,,,,,,,,,,,,,,,,,,,,,,,,,6.465446027,,,,,,,,,,7.09008189,,,,,,,,
Eritrea,ERI,Low-birthweight babies (% of births),SH.STA.BRTW.ZS,,,,,,,,,,,,,,,,,,,,,,,,,,,,,,,,,,,,20.7,,,,,,,14,,,,,,,,,,,,,,,,
Spain,ESP,Low-birthweight babies (% of births),SH.STA.BRTW.ZS,,,,,,,,,,,,,,,,,,,,,,,,,,,,,,,,,,,,,,6,,,,,,,,,,,,,,,8.2,,,,,,
Estonia,EST,Low-birthweight babies (% of births),SH.STA.BRTW.ZS,,,,,,,,,,,,,,,,,,,,,,,,,,,,,,,,,,,,,,,,,,4,,,,,,,,,,,4.6,,,,,,
Ethiopia,ETH,Low-birthweight babies (% of births),SH.STA.BRTW.ZS,,,,,,,,,,,,,,,,,,,,,,,,,,,,,,,,,,,,,,,,,14.9,,,,,20,,,,,,,,,,,,,
European Union,EUU,Low-birthweight babies (% of births),SH.STA.BRTW.ZS,,,,,,,,,,,,,,,,,,,,,,,,,,,,,,,,,,,,,,,,,6.832617333,,,,,,,,,,6.998791073,,,,,,,,
Fragile and conflict affected situations,FCS,Low-birthweight babies (% of births),SH.STA.BRTW.ZS,,,,,,,,,,,,,,,,,,,,,,,,,,,,,,,,,,,,,,,,,15.976645,,,,,,,,,,14.09649622,,,,,,,,
Finland,FIN,Low-birthweight babies (% of births),SH.STA.BRTW.ZS,,,,,,,,,,,,,,,,,,,,,,,,,,,,,,,,,,,,,,,,,,4,,,,,,,,,,,4.2,,,,,,
Fiji,FJI,Low-birthweight babies (% of births),SH.STA.BRTW.ZS,,,,,,,,,,,,,,,,,,,,,,,,,,,,,,,,,,,,,,,9.5,,,,,,10.2,,,,,,,,,,,,,,
France,FRA,Low-birthweight babies (% of births),SH.STA.BRTW.ZS,,,,,,,,,,,,,,,,,,,,,,,,,,,,,,,,,,,,,,,6.7,,,,,,,,,,,,,6.6,,,,,,,
Faroe Islands,FRO,Low-birthweight babies (% of births),SH.STA.BRTW.ZS,,,,,,,,,,,,,,,,,,,,,,,,,,,,,,,,,,,,,,,,,,,,,,,,,,,,,,,,,,,
"Micronesia, Fed. Sts.",FSM,Low-birthweight babies (% of births),SH.STA.BRTW.ZS,,,,,,,,,,,,,,,,,,,,,,,,,,,,,,,,,,,,,,,,,18,,,,,,,,,11.1,,,,,,,,,
Gabon,GAB,Low-birthweight babies (% of births),SH.STA.BRTW.ZS,,,,,,,,,,,,,,,,,,,,,,,,,,,,,,,,,,,,,,,,,14,,,,,,,,,,,,,,,,,,
United Kingdom,GBR,Low-birthweight babies (% of births),SH.STA.BRTW.ZS,,,,,,,,,,,,,,,,,,,,,,,,,,,,,,,,,,,,,,,,,8,,,,,,,,,,,7,,,,,,,
Georgia,GEO,Low-birthweight babies (% of births),SH.STA.BRTW.ZS,,,,,,,,,,,,,,,,,,,,,,,,,,,,,,,,,,,,,,,,,,5.5,,7.3,,4.7,,,,4.9,,4.5,6.5,,,,,,
Ghana,GHA,Low-birthweight babies (% of births),SH.STA.BRTW.ZS,,,,,,,,,,,,,,,,,,,,,,,,,,,,,,,,,,11.3,,,,,11.4,,,,,16.1,,,9.1,,13.4,,,10.7,,,,,,,
Gibraltar,GIB,Low-birthweight babies (% of births),SH.STA.BRTW.ZS,,,,,,,,,,,,,,,,,,,,,,,,,,,,,,,,,,,,,,,,,,,,,,,,,,,,,,,,,,,
Guinea,GIN,Low-birthweight babies (% of births),SH.STA.BRTW.ZS,,,,,,,,,,,,,,,,,,,,,,,,,,,,,,,,,,,,,,,,12.1,,,,16.4,,12,,,,,,,,,,,,,
"Gambia, The",GMB,Low-birthweight babies (% of births),SH.STA.BRTW.ZS,,,,,,,,,,,,,,,,,,,,,,,,,,,,,,,,,,,,,,,,,,,,,,,,,,,10.2,,,,,,,,
Guinea-Bissau,GNB,Low-birthweight babies (% of births),SH.STA.BRTW.ZS,,,,,,,,,,,,,,,,,,,,,,,,,,,,,,,,,,,,,,,,,21.8,,,,,,23.9,,,,11,,,,,,,,
Equatorial Guinea,GNQ,Low-birthweight babies (% of births),SH.STA.BRTW.ZS,,,,,,,,,,,,,,,,,,,,,,,,,,,,,,,,,,,,,,,,,13,,,,,,,,,,,,,,,,,,
Greece,GRC,Low-birthweight babies (% of births),SH.STA.BRTW.ZS,,,,,,,,,,,,,,,,,,,,,,,,,,,,,,,,,,,,,,,,8.1,,,,,,,,,,,,,9.8,,,,,,
Grenada,GRD,Low-birthweight babies (% of births),SH.STA.BRTW.ZS,,,,,,,,,,,,,,,,,,,,,,,,,,,,,,,,,,,,,9,,,9,,,7.5,8,8,9,,9,,,,8.8,,,,,,,
Greenland,GRL,Low-birthweight babies (% of births),SH.STA.BRTW.ZS,,,,,,,,,,,,,,,,,,,,,,,,,,,,,,,,,,,,,,,,,,,,,,,,,,,,,,,,,,,
Guatemala,GTM,Low-birthweight babies (% of births),SH.STA.BRTW.ZS,,,,,,,,,,,,,,,,,,,,,,,,,,,,,,,,,,,,,,,,13,,,12,,,,,,,11.4,,,,,,,,,
Guam,GUM,Low-birthweight babies (% of births),SH.STA.BRTW.ZS,,,,,,,,,,,,,,,,,,,,,,,,,,,,,,,,,,,,,,,,,,,,,,,,,,,,,,,,,,,
Guyana,GUY,Low-birthweight babies (% of births),SH.STA.BRTW.ZS,,,,,,,,,,,,,,,,,,,,,,,,,,,,,,,,,,,,,,14.2,11.6,10.6,12.3,10.5,,11.9,12.6,12.6,18.9,,,14.3,,,,,,,,,
High income,HIC,Low-birthweight babies (% of births),SH.STA.BRTW.ZS,,,,,,,,,,,,,,,,,,,,,,,,,,,,,,,,,,,,,,,,,7.167496136,,,,,,,,,,7.586155599,,,,,,,,
"Hong Kong SAR, China",HKG,Low-birthweight babies (% of births),SH.STA.BRTW.ZS,,,,,,,,,,,,,,,,,,,,,,,,,,,,,,,,,,,,,,,,,5,,,,,,,,,,,,,,,,,,
Honduras,HND,Low-birthweight babies (% of births),SH.STA.BRTW.ZS,,,,,,,,,,,,,,,,,,,,,,,,,,,,,,,,,,,,,,,,,,14.3,,,,,10.2,,,,,,9.9,,,,,,
Heavily indebted poor countries (HIPC),HPC,Low-birthweight babies (% of births),SH.STA.BRTW.ZS,,,,,,,,,,,,,,,,,,,,,,,,,,,,,,,,,,,,,,,,,15.0043112,,,,,,,,,,,,,,,,,,
Croatia,HRV,Low-birthweight babies (% of births),SH.STA.BRTW.ZS,,,,,,,,,,,,,,,,,,,,,,,,,,,,,,,,,,,,,,,,,5.8,,,,,4.8,,4.862825138,4.644097222,4.71077165,,4.95,,,,,,,
Haiti,HTI,Low-birthweight babies (% of births),SH.STA.BRTW.ZS,,,,,,,,,,,,,,,,,,,,,,,,,,,,,,,,,,,29.4,,,,,,20.5,,,,,24.6,,,,,,,23,,,,,,
Hungary,HUN,Low-birthweight babies (% of births),SH.STA.BRTW.ZS,,,,,,,,,,,,,,,,,,,,,,,,,,,,,,,,,,,,,,,,,,9,,,,,,,,,,,8.6,,,,,,
IBRD only,IBD,Low-birthweight babies (% of births),SH.STA.BRTW.ZS,,,,,,,,,,,,,,,,,,,,,,,,,,,,,,,,,,,,,,,,,16.32534836,,,,,,,,,,7.32450085,,,,,,,,
IDA & IBRD total,IBT,Low-birthweight babies (% of births),SH.STA.BRTW.ZS,,,,,,,,,,,,,,,,,,,,,,,,,,,,,,,,,,,,,,,,,16.1755403,,,,,,,,,,11.0018184,,,,,,,,
IDA total,IDA,Low-birthweight babies (% of births),SH.STA.BRTW.ZS,,,,,,,,,,,,,,,,,,,,,,,,,,,,,,,,,,,,,,,,,15.83802697,,,,,,,,,,,,,,,,,,
IDA blend,IDB,Low-birthweight babies (% of births),SH.STA.BRTW.ZS,,,,,,,,,,,,,,,,,,,,,,,,,,,,,,,15.50500443,,,,,,,,,,,,,,,,,,,,20.48344099,,,,,,,,
Indonesia,IDN,Low-birthweight babies (% of births),SH.STA.BRTW.ZS,,,,,,,,,,,,,,,,,,,,,,,,,,,,,,,,9.1,,,9.7,,,10.3,,,,,9,,,,,9,,,11.1,,,,,,,,
IDA only,IDX,Low-birthweight babies (% of births),SH.STA.BRTW.ZS,,,,,,,,,,,,,,,,,,,,,,,,,,,,,,,,,,,,,,,,,17.45626958,,,,,,,,,,,,,,,,,,
Isle of Man,IMN,Low-birthweight babies (% of births),SH.STA.BRTW.ZS,,,,,,,,,,,,,,,,,,,,,,,,,,,,,,,,,,,,,,,,,,,,,,,,,,,,,,,,,,,
India,IND,Low-birthweight babies (% of births),SH.STA.BRTW.ZS,,,,,,,,,,,,,,,,,,,,,,,,,,,,,,,,,,31.7,,,,,,30.4,,,,,,,28,,,,,,,,,,,,
Not classified,INX,Low-birthweight babies (% of births),SH.STA.BRTW.ZS,,,,,,,,,,,,,,,,,,,,,,,,,,,,,,,,,,,,,,,,,,,,,,,,,,,,,,,,,,,
Ireland,IRL,Low-birthweight babies (% of births),SH.STA.BRTW.ZS,,,,,,,,,,,,,,,,,,,,,,,,,,,,,,,,,,,,,,,,5.7,,,,,,,,,,,,5.2,,,,,,,
"Iran, Islamic Rep.",IRN,Low-birthweight babies (% of births),SH.STA.BRTW.ZS,,,,,,,,,,,,,,,,,,,,,,,,,,,,,,,,,,,,7,,,,,,,,,,,7,,,,,7.7,,,,,,,
Iraq,IRQ,Low-birthweight babies (% of births),SH.STA.BRTW.ZS,,,,,,,,,,,,,,,,,,,,,,,,,,,,,,,,,,,,,,,,,15.3,,,,,,14.8,,,,,13.4,,,,,,,
Iceland,ISL,Low-birthweight babies (% of births),SH.STA.BRTW.ZS,,,,,,,,,,,,,,,,,,,,,,,,,,,,,,,,,,,,,,,,,,4,,,,,,,,,,,4.2,,,,,,
Israel,ISR,Low-birthweight babies (% of births),SH.STA.BRTW.ZS,,,,,,,,,,,,,,,,,,,,,,,,,,,,,,,,,,,,,,,,,,8,,,,,,,,,,,8,,,,,,
Italy,ITA,Low-birthweight babies (% of births),SH.STA.BRTW.ZS,,,,,,,,,,,,,,,,,,,,,,,,,,,,,,,,,,,,,,,5.9,,,,,,,,,,,,7.3,,,,,,,,
Jamaica,JAM,Low-birthweight babies (% of births),SH.STA.BRTW.ZS,,,,,,,,,,,,,,,,,,,,,,,,,,,,,,,,,,,,,10,,,,,9.2,,10,9.9,12,13.7,,,,,11.3,,,,,,,
Jordan,JOR,Low-birthweight babies (% of births),SH.STA.BRTW.ZS,,,,,,,,,,,,,,,,,,,,,,,,,,,,,,,,,,,,,,10.1,,,,,12.4,,,,,13,,,,,,,,,,,
Japan,JPN,Low-birthweight babies (% of births),SH.STA.BRTW.ZS,,,,,,,,,,,,,,,,,,,,,,,,,,,,,,,,,,,,,,,,,8,,,,,,,,,,,,9.6,,,,,,
Kazakhstan,KAZ,Low-birthweight babies (% of births),SH.STA.BRTW.ZS,,,,,,,,,,,,,,,,,,,,,,,,,,,,,,,,,,,,9.6,,,,8.2,,,,,,,5.8,,,,,4.5,6.1,,,,,,
Kenya,KEN,Low-birthweight babies (% of births),SH.STA.BRTW.ZS,,,,,,,,,,,,,,,,,,,,,,,,,,,,,,,,,,11.4,,,,,10.8,,11.8,,,10.2,,,,,,8,,,,,,,,,
Kyrgyz Republic,KGZ,Low-birthweight babies (% of births),SH.STA.BRTW.ZS,,,,,,,,,,,,,,,,,,,,,,,,,,,,,,,,,,,,,,6.8,,,,,,,,,5,,,,,,6.3,,,,,,
Cambodia,KHM,Low-birthweight babies (% of births),SH.STA.BRTW.ZS,,,,,,,,,,,,,,,,,,,,,,,,,,,,,,,,,,,,,,,,,11.3,,,,,13.9,,,8.9,,11.3,,,,,,,,
Kiribati,KIR,Low-birthweight babies (% of births),SH.STA.BRTW.ZS,,,,,,,,,,,,,,,,,,,,,,,,,,,,,,,,,,,,,,,5,,,,,,,,,,,,,8.3,,,,,,,
St. Kitts and Nevis,KNA,Low-birthweight babies (% of births),SH.STA.BRTW.ZS,,,,,,,,,,,,,,,,,,,,,,,,,,,,,,,,,,,,,9,,,9,,,,,9,9,10.8,10.8,7.8,,,10.4,,,,,,,
"Korea, Rep.",KOR,Low-birthweight babies (% of births),SH.STA.BRTW.ZS,,,,,,,,,,,,,,,,,,,,,,,,,,,,,,,,,,,,,,,,,4,,,,,,4.4,,,,,,,,,,,,
Kuwait,KWT,Low-birthweight babies (% of births),SH.STA.BRTW.ZS,,,,,,,,,,,,,,,,,,,,,,,,,,,,,,,,,,,,,,,7,,,,,,,,,,,,,8.3,,,,,,,
Latin America & Caribbean (excluding high income),LAC,Low-birthweight babies (% of births),SH.STA.BRTW.ZS,,,,,,,,,,,,,,,,,,,,,,,,,,,,,,,,,,,,,,,,,,,,,,,,,,,9.124214858,,,,,,,,
Lao PDR,LAO,Low-birthweight babies (% of births),SH.STA.BRTW.ZS,,,,,,,,,,,,,,,,,,,,,,,,,,,,,,,,,,,,,,,,,14.3,,,,,,10.8,,,,,,14.8,,,,,,
Lebanon,LBN,Low-birthweight babies (% of births),SH.STA.BRTW.ZS,,,,,,,,,,,,,,,,,,,,,,,,,,,,,,,,,,,,,,,,,6,,,,,,,,,11.5,,,,,,,,,
Liberia,LBR,Low-birthweight babies (% of births),SH.STA.BRTW.ZS,,,,,,,,,,,,,,,,,,,,,,,,,,,,,,,,,,,,,,,,,,,,,,,,14,,,,,,,,,,,
Libya,LBY,Low-birthweight babies (% of births),SH.STA.BRTW.ZS,,,,,,,,,,,,,,,,,,,,,,,,,,,,,,,,,,,,7.1,,,,,,,,,,,,,,,,,,,,,,,
St. Lucia,LCA,Low-birthweight babies (% of births),SH.STA.BRTW.ZS,,,,,,,,,,,,,,,,,,,,,,,,,,,,,,,,,,,,,8,,,8,,,,10,11.69999981,11.2,11.2,11.4,11.4,,,10.1,,,,,,,
Latin America & Caribbean,LCN,Low-birthweight babies (% of births),SH.STA.BRTW.ZS,,,,,,,,,,,,,,,,,,,,,,,,,,,,,,,,,,,,,,,,,,,,,,,,,,,8.915494821,,,,,,,,
Least developed countries: UN classification,LDC,Low-birthweight babies (% of births),SH.STA.BRTW.ZS,,,,,,,,,,,,,,,,,,,,,,,,,,,,,,,,,,,,,,,,,17.79440896,,,,,,,,,,,,,,,,,,
Low income,LIC,Low-birthweight babies (% of births),SH.STA.BRTW.ZS,,,,,,,,,,,,,,,,,,,,,,,,,,,,,,,,,,,,,,,,,14.22699157,,,,,,,,,,13.5871641,,,,,,,,
Liechtenstein,LIE,Low-birthweight babies (% of births),SH.STA.BRTW.ZS,,,,,,,,,,,,,,,,,,,,,,,,,,,,,,,,,,,,,,,,,,,,,,,,,,,,,,,,,,,
Sri Lanka,LKA,Low-birthweight babies (% of births),SH.STA.BRTW.ZS,,,,,,,,,,,,,,,,,,,,,,,,,,,,,,,,,,,,,,,,,22.3,,,,,17.6,,17,,,,,,,,,,,
Lower middle income,LMC,Low-birthweight babies (% of births),SH.STA.BRTW.ZS,,,,,,,,,,,,,,,,,,,,,,,,,,,,,,,,,,,,,,,,,22.60243151,,,,,,,,,,,,,,,,,,
Low & middle income,LMY,Low-birthweight babies (% of births),SH.STA.BRTW.ZS,,,,,,,,,,,,,,,,,,,,,,,,,,,,,,,,,,,,,,,,,16.2500889,,,,,,,,,,11.05350541,,,,,,,,
Lesotho,LSO,Low-birthweight babies (% of births),SH.STA.BRTW.ZS,,,,,,,,,,,,,,,,,,,,,,,,,,,,,,,,,,,,,,,,,14.2,,,,12.6,,,,,10.7,,,,,,,,,
Late-demographic dividend,LTE,Low-birthweight babies (% of births),SH.STA.BRTW.ZS,,,,,,,,,,,,,,,,,,,,,,,,,,,,,,,,,,,,,,,,,4.291740866,,,,,,,,,,4.706468561,,,,,,,,
Lithuania,LTU,Low-birthweight babies (% of births),SH.STA.BRTW.ZS,,,,,,,,,,,,,,,,,,,,,,,,,,,,,,,,,,,,,,,,,,4,,,,,,,,,,,4.8,,,,,,
Luxembourg,LUX,Low-birthweight babies (% of births),SH.STA.BRTW.ZS,,,,,,,,,,,,,,,,,,,,,,,,,,,,,,,,,,,,,,,,,8,,,,,,,,,,,7.1,,,,,,,
Latvia,LVA,Low-birthweight babies (% of births),SH.STA.BRTW.ZS,,,,,,,,,,,,,,,,,,,,,,,,,,,,,,,,,,,,,,,,,,5,,,,,,,,,,,4.6,,,,,,
"Macao SAR, China",MAC,Low-birthweight babies (% of births),SH.STA.BRTW.ZS,,,,,,,,,,,,,,,,,,,,,,,,,,,,,,,,,,,,,,,,,5,,,,,,,,,,,,,,,,,,
St. Martin (French part),MAF,Low-birthweight babies (% of births),SH.STA.BRTW.ZS,,,,,,,,,,,,,,,,,,,,,,,,,,,,,,,,,,,,,,,,,,,,,,,,,,,,,,,,,,,
Morocco,MAR,Low-birthweight babies (% of births),SH.STA.BRTW.ZS,,,,,,,,,,,,,,,,,,,,,,,,,,,,,,,,,11.1,,,,,,,,,,,15.4,15,,,,,,,,,,,,,,
Monaco,MCO,Low-birthweight babies (% of births),SH.STA.BRTW.ZS,,,,,,,,,,,,,,,,,,,,,,,,,,,,,,,,,,,,,,,,,,,,,,,,,,,,,6,,,,,,
Moldova,MDA,Low-birthweight babies (% of births),SH.STA.BRTW.ZS,,,,,,,,,,,,,,,,,,,,,,,,,,,,,,,,,,,,,,,,,,5.4,,,,6,,,,,,,5.8,,,,,,
Madagascar,MDG,Low-birthweight babies (% of births),SH.STA.BRTW.ZS,,,,,,,,,,,,,,,,,,,,,,,,,,,,,,,,,20,,,,,17.9,,,14.1,,,,17.3,,,,,16,,,,,,,,,
Maldives,MDV,Low-birthweight babies (% of births),SH.STA.BRTW.ZS,,,,,,,,,,,,,,,,,,,,,,,,,,,,,,,,,,,,,,,,,,22.2,,,,,,,,11,,,,,,,,,
Middle East & North Africa,MEA,Low-birthweight babies (% of births),SH.STA.BRTW.ZS,,,,,,,,,,,,,,,,,,,,,,,,,,,,,,,,,,,,,,,,,,,,,,,,,,,13.09405927,,,,,,,,
Mexico,MEX,Low-birthweight babies (% of births),SH.STA.BRTW.ZS,,,,,,,,,,,,,,,,,,,,,,,,,,,,,,,,,,,,,,,,9.1,7.56,,,,7.66,8.4,8.2,,8,7.3,,,9.15,,,,,,
Marshall Islands,MHL,Low-birthweight babies (% of births),SH.STA.BRTW.ZS,,,,,,,,,,,,,,,,,,,,,,,,,,,,,,,,,,,,,,,,12,,,,,,,,18,,,,,,,,,,,
Middle income,MIC,Low-birthweight babies (% of births),SH.STA.BRTW.ZS,,,,,,,,,,,,,,,,,,,,,,,,,,,,,,,,,,,,,,,,,16.61831763,,,,,,,,,,10.41183498,,,,,,,,
North Macedonia,MKD,Low-birthweight babies (% of births),SH.STA.BRTW.ZS,,,,,,,,,,,,,,,,,,,,,,,,,,,,,,,,,,,,,,,,,,5.4,,5.7,6.4,6.4,,,,,,5.5,,,,,,,
Mali,MLI,Low-birthweight babies (% of births),SH.STA.BRTW.ZS,,,,,,,,,,,,,,,,,,,,,,,,,,,,,,,,,,,,,18.6,,,,,23.4,,,,,18.7,,,,18,,,,,,,,
Malta,MLT,Low-birthweight babies (% of births),SH.STA.BRTW.ZS,,,,,,,,,,,,,,,,,,,,,,,,,,,,,,,,,,,,,,,,,,6,,,,,,,,,,7,,,,,,,
Myanmar,MMR,Low-birthweight babies (% of births),SH.STA.BRTW.ZS,,,,,,,,,,,,,,,,,,,,,,,,,,,,,,,,,,,,,,,,,15,,,,,,,,,,8.6,,,,,,,,
Middle East & North Africa (excluding high income),MNA,Low-birthweight babies (% of births),SH.STA.BRTW.ZS,,,,,,,,,,,,,,,,,,,,,,,,,,,,,,,,,,,,,,,,,,,,,,,,,,,13.8143548,,,,,,,,
Montenegro,MNE,Low-birthweight babies (% of births),SH.STA.BRTW.ZS,,,,,,,,,,,,,,,,,,,,,,,,,,,,,,,,,,,,,,,,,,,,,,4,,,,,,,5.1,,,,,,
Mongolia,MNG,Low-birthweight babies (% of births),SH.STA.BRTW.ZS,,,,,,,,,,,,,,,,,,,,,,,,,,,,,,,,,,,,,,,8.4,,6.2,,,6.7,,5.5,,,5.2,,4.7,,,,,,,,
Northern Mariana Islands,MNP,Low-birthweight babies (% of births),SH.STA.BRTW.ZS,,,,,,,,,,,,,,,,,,,,,,,,,,,,,,,,,,,,,,,,,,,,,,,,,,,,,,,,,,,
Mozambique,MOZ,Low-birthweight babies (% of births),SH.STA.BRTW.ZS,,,,,,,,,,,,,,,,,,,,,,,,,,,,,,,,,,,,,,14.1,,,,,,15.4,,,,,16,,,16.9,,,,,,,
Mauritania,MRT,Low-birthweight babies (% of births),SH.STA.BRTW.ZS,,,,,,,,,,,,,,,,,,,,,,,,,,,,,,,,,,,,,,,,,,,,,,,,33.7,,,,34.7,,,,,,,
Mauritius,MUS,Low-birthweight babies (% of births),SH.STA.BRTW.ZS,,,,,,,,,,,,,,,,,,,,,,,,,,,,,,,,,,,,,,,12.6,,,,,14,,,,,,,,,,,,,,,
Malawi,MWI,Low-birthweight babies (% of births),SH.STA.BRTW.ZS,,,,,,,,,,,,,,,,,,,,,,,,,,,,,,,,,,,,,,,,,15.9,,,,,,12.5,,,,13.5,,,,,,,,
Malaysia,MYS,Low-birthweight babies (% of births),SH.STA.BRTW.ZS,,,,,,,,,,,,,,,,,,,,,,,,,,,,,,,,,,,,,,,9.6,,,,9,,,,,10.5,,11,,,11.1,,,,,,
North America,NAC,Low-birthweight babies (% of births),SH.STA.BRTW.ZS,,,,,,,,,,,,,,,,,,,,,,,,,,,,,,,,,,,,,,,,,7.85008756,,,,,,,,,,7.928377137,,,,,,,,
Namibia,NAM,Low-birthweight babies (% of births),SH.STA.BRTW.ZS,,,,,,,,,,,,,,,,,,,,,,,,,,,,,,,,,15.5,,,,,,,,13.7,,,,,,15.7,16,,,,,,,,,,,
New Caledonia,NCL,Low-birthweight babies (% of births),SH.STA.BRTW.ZS,,,,,,,,,,,,,,,,,,,,,,,,,,,,,,,,,,,,,,,,,8,,,,,,,,,,,,,,,,,,
Niger,NER,Low-birthweight babies (% of births),SH.STA.BRTW.ZS,,,,,,,,,,,,,,,,,,,,,,,,,,,,,,,,,14.8,,,,,,17.3,,13.1,,,,,,27,,,,,,,,,,,,
Nigeria,NGA,Low-birthweight babies (% of births),SH.STA.BRTW.ZS,,,,,,,,,,,,,,,,,,,,,,,,,,,,,,,11.9,,,,,,,,,11.6,,,,14.1,,,,,11.7,,,15.2,,,,,,,
Nicaragua,NIC,Low-birthweight babies (% of births),SH.STA.BRTW.ZS,,,,,,,,,,,,,,,,,,,,,,,,,,,,,,,,,,,,,,,13,,,11.8,,,,8.4,,,,8.9,,7.6,,,,,,,
Netherlands,NLD,Low-birthweight babies (% of births),SH.STA.BRTW.ZS,,,,,,,,,,,,,,,,,,,,,,,,,,,,,,,,,,,,,,,,,,,,,,,,,,,6.3,,,,,,,,
Norway,NOR,Low-birthweight babies (% of births),SH.STA.BRTW.ZS,,,,,,,,,,,,,,,,,,,,,,,,,,,,,,,,,,,,,,,,,5,,,,,,,,,5.2,,,,,,,,,
Nepal,NPL,Low-birthweight babies (% of births),SH.STA.BRTW.ZS,,,,,,,,,,,,,,,,,,,,,,,,,,,,,,,,,,,,,,,,,,21,,,,,21.2,,,,,17.8,,,,,,,
Nauru,NRU,Low-birthweight babies (% of births),SH.STA.BRTW.ZS,,,,,,,,,,,,,,,,,,,,,,,,,,,,,,,,,,,,,,,,,,,,,,,,27,,,,,,,,,,,
New Zealand,NZL,Low-birthweight babies (% of births),SH.STA.BRTW.ZS,,,,,,,,,,,,,,,,,,,,,,,,,,,,,,,,,,,,,,,,,6,,,,,,,,,,,,5.7,,,,,,
OECD members,OED,Low-birthweight babies (% of births),SH.STA.BRTW.ZS,,,,,,,,,,,,,,,,,,,,,,,,,,,,,,,,,,,,,,,,,7.950982746,,,,,,,,,,8.068140069,,,,,,,,
Oman,OMN,Low-birthweight babies (% of births),SH.STA.BRTW.ZS,,,,,,,,,,,,,,,,,,,,,,,,,,,,,,,,,,,,,,,,,,7.9,,,,,8.9,9.2,11.5,,,9.6,10,,,,,,
Other small states,OSS,Low-birthweight babies (% of births),SH.STA.BRTW.ZS,,,,,,,,,,,,,,,,,,,,,,,,,,,,,,,,,,,,,,,,,13.34923565,,,,,,,,,,10.9290914,,,,,,,,
Pakistan,PAK,Low-birthweight babies (% of births),SH.STA.BRTW.ZS,,,,,,,,,,,,,,,,,,,,,,,,,,,,,,,,19,,,,,,,,,,,,,,,,32,,,,,,,,,,,
Panama,PAN,Low-birthweight babies (% of births),SH.STA.BRTW.ZS,,,,,,,,,,,,,,,,,,,,,,,,,,,,,,,,,,,,,,10,,,,,,10,,,,,,,,8.3,,,,,,,
Peru,PER,Low-birthweight babies (% of births),SH.STA.BRTW.ZS,,,,,,,,,,,,,,,,,,,,,,,,,,,,,,,,,10.2,,,,11.1,,,,,,,,11.2,,10.4,8,,,,6.9,,,,,,,
Philippines,PHL,Low-birthweight babies (% of births),SH.STA.BRTW.ZS,,,,,,,,,,,,,,,,,,,,,,,,,,,,,,,,,,17.9,,,,,17.2,,19.5,,,20.3,,,,,21,,,15.9,,,,,,,
Palau,PLW,Low-birthweight babies (% of births),SH.STA.BRTW.ZS,,,,,,,,,,,,,,,,,,,,,,,,,,,,,,,,,,,,,,,9,,,,,,,,,,,,6.9,,,,,,,,
Papua New Guinea,PNG,Low-birthweight babies (% of births),SH.STA.BRTW.ZS,,,,,,,,,,,,,,,,,,,,,,,,,,,,,,,,,,,,,11,,,,,,,,,11,,,,,,,,,,,,,
Poland,POL,Low-birthweight babies (% of births),SH.STA.BRTW.ZS,,,,,,,,,,,,,,,,,,,,,,,,,,,,,,,,,,,,,,,,,,6,,,,,,,,,,,5.7,,,,,,
Pre-demographic dividend,PRE,Low-birthweight babies (% of births),SH.STA.BRTW.ZS,,,,,,,,,,,,,,,,,,,,,,,,,,,,,,,,,,,,,,,,,14.1439821,,,,,,,,,,13.21222819,,,,,,,,
Puerto Rico,PRI,Low-birthweight babies (% of births),SH.STA.BRTW.ZS,,,,,,,,,,,,,,,,,,,,,,,,,,,,,,,,,,,,,,,,14,,,,,,,,,,,,,,,,,,,
"Korea, Dem. People’s Rep.",PRK,Low-birthweight babies (% of births),SH.STA.BRTW.ZS,,,,,,,,,,,,,,,,,,,,,,,,,,,,,,,,,,,,,,,,,,,6.7,,,,,,,5.7,,,,,,,,,
Portugal,PRT,Low-birthweight babies (% of births),SH.STA.BRTW.ZS,,,,,,,,,,,,,,,,,,,,,,,,,,,,,,,,,,,,,,,,,,8,,,,,,,,,,,8.5,,,,,,
Paraguay,PRY,Low-birthweight babies (% of births),SH.STA.BRTW.ZS,,,,,,,,,,,,,,,,,,,,,,,,,,,,,,,,,,,,,8.9,,,,,,,,9,,,,,6.3,,,,,,,,,
West Bank and Gaza,PSE,Low-birthweight babies (% of births),SH.STA.BRTW.ZS,,,,,,,,,,,,,,,,,,,,,,,,,,,,,,,,,,,,,,,,,8.6,,,,,,7.3,,,,9.1,,,,,,,,
Pacific island small states,PSS,Low-birthweight babies (% of births),SH.STA.BRTW.ZS,,,,,,,,,,,,,,,,,,,,,,,,,,,,,,,,,,,,,,,,,,,,,,,,,,,,,,,,,,,
Post-demographic dividend,PST,Low-birthweight babies (% of births),SH.STA.BRTW.ZS,,,,,,,,,,,,,,,,,,,,,,,,,,,,,,,,,,,,,,,,,7.155352403,,,,,,,,,,7.487827664,,,,,,,,
French Polynesia,PYF,Low-birthweight babies (% of births),SH.STA.BRTW.ZS,,,,,,,,,,,,,,,,,,,,,,,,,,,,,,,,,,,,,,,,,6,,,,,,,,,,,,,,,,,,
Qatar,QAT,Low-birthweight babies (% of births),SH.STA.BRTW.ZS,,,,,,,,,,,,,,,,,,,,,,,,,,,,,,,,,,,,,,,,9.7,,,,,,,,,,,7.6,,,,,,,,
Romania,ROU,Low-birthweight babies (% of births),SH.STA.BRTW.ZS,,,,,,,,,,,,,,,,,,,,,,,,,,,,,,,,,,,,,,,,,,8.8,,,8,,,,,,,,8.4,,,,,,
Russian Federation,RUS,Low-birthweight babies (% of births),SH.STA.BRTW.ZS,,,,,,,,,,,,,,,,,,,,,,,,,,,,,,,,,,,,,,,,,,6.3,,,,,5.9,6,,,,,6.1,,,,,,
Rwanda,RWA,Low-birthweight babies (% of births),SH.STA.BRTW.ZS,,,,,,,,,,,,,,,,,,,,,,,,,,,,,,,,,,,,,,,,,9.4,,,,,6.3,,,,,7.1,,,,,,,,
South Asia,SAS,Low-birthweight babies (% of births),SH.STA.BRTW.ZS,,,,,,,,,,,,,,,,,,,,,,,,,,,,,,,,,,,,,,,,,30.04064366,,,,,,,,,,,,,,,,,,
Saudi Arabia,SAU,Low-birthweight babies (% of births),SH.STA.BRTW.ZS,,,,,,,,,,,,,,,,,,,,,,,,,,,,,,,,,,,,,11,,,,,,,,,,,,,,,,8.8,,,,,,
Sudan,SDN,Low-birthweight babies (% of births),SH.STA.BRTW.ZS,,,,,,,,,,,,,,,,,,,,,,,,,,,,,,,,,,,,,,,,30.7,,,,,,,,,,,,,,,,,,,
Senegal,SEN,Low-birthweight babies (% of births),SH.STA.BRTW.ZS,,,,,,,,,,,,,,,,,,,,,,,,,,,,,,,,,,,,,,,,,18.1,,,,,18.8,,,,,,18.6,,,,,,,
Singapore,SGP,Low-birthweight babies (% of births),SH.STA.BRTW.ZS,,,,,,,,,,,,,,,,,,,,,,,,,,,,,,,,,,,,,,,,,8,,,,,,,,,,,9.5,,,,,,,
Solomon Islands,SLB,Low-birthweight babies (% of births),SH.STA.BRTW.ZS,,,,,,,,,,,,,,,,,,,,,,,,,,,,,,,,,,,,,12.8,,,,,,,,,,,12.5,,,,,,,,,,,
Sierra Leone,SLE,Low-birthweight babies (% of births),SH.STA.BRTW.ZS,,,,,,,,,,,,,,,,,,,,,,,,,,,,,,,,,,,,,,,,,23,,,,,23.5,,,13.6,,10.5,,,,,,,,
El Salvador,SLV,Low-birthweight babies (% of births),SH.STA.BRTW.ZS,,,,,,,,,,,,,,,,,,,,,,,,,,,,,,,,,,,,,,,13,,,,,7,,,,,,,,8.7,,,,,,,
San Marino,SMR,Low-birthweight babies (% of births),SH.STA.BRTW.ZS,,,,,,,,,,,,,,,,,,,,,,,,,,,,,,,,,,,,,,,,,,,,,,,,,,,,10,,,,,,,
Somalia,SOM,Low-birthweight babies (% of births),SH.STA.BRTW.ZS,,,,,,,,,,,,,,,,,,,,,,,,,,,,,,,,,,,,,,,,,,,,,,,,,,,,,,,,,,,
Serbia,SRB,Low-birthweight babies (% of births),SH.STA.BRTW.ZS,,,,,,,,,,,,,,,,,,,,,,,,,,,,,,,,,,,,,,,,,,,,,,5,,5.8,,5.63,4.8,6.1,,,,,,,
Sub-Saharan Africa (excluding high income),SSA,Low-birthweight babies (% of births),SH.STA.BRTW.ZS,,,,,,,,,,,,,,,,,,,,,,,,,,,,,,,,,,,,,,,,,14.05153171,,,,,,,,,,,,,,,,,,
South Sudan,SSD,Low-birthweight babies (% of births),SH.STA.BRTW.ZS,,,,,,,,,,,,,,,,,,,,,,,,,,,,,,,,,,,,,,,,,,,,,,,,,,,,,,,,,,,
Sub-Saharan Africa,SSF,Low-birthweight babies (% of births),SH.STA.BRTW.ZS,,,,,,,,,,,,,,,,,,,,,,,,,,,,,,,,,,,,,,,,,14.05153171,,,,,,,,,,,,,,,,,,
Small states,SST,Low-birthweight babies (% of births),SH.STA.BRTW.ZS,,,,,,,,,,,,,,,,,,,,,,,,,,,,,,,,,,,,,,,,,12.75400906,,,,,,,,,,11.12583733,,,,,,,,
Sao Tome and Principe,STP,Low-birthweight babies (% of births),SH.STA.BRTW.ZS,,,,,,,,,,,,,,,,,,,,,,,,,,,,,,,,,,,,,,,,,20.2,,,,,,7.8,,,9.9,,,,,,,,,
Suriname,SUR,Low-birthweight babies (% of births),SH.STA.BRTW.ZS,,,,,,,,,,,,,,,,,,,,,,,,,,,,,,,,,,,,,11,,,,12.5,,,,,,11,,,,13.9,,,,,,,,
Slovak Republic,SVK,Low-birthweight babies (% of births),SH.STA.BRTW.ZS,,,,,,,,,,,,,,,,,,,,,,,,,,,,,,,,,,,,,,,,,,7,,,,,,,,,,,7.9,,,,,,
Slovenia,SVN,Low-birthweight babies (% of births),SH.STA.BRTW.ZS,,,,,,,,,,,,,,,,,,,,,,,,,,,,,,,,,,,,,,,,,,5.7,,,,,,,,,,,6,,,,,,
Sweden,SWE,Low-birthweight babies (% of births),SH.STA.BRTW.ZS,,,,,,,,,,,,,,,,,,,,,,,,,,,,,,,,,,,,,,,,4.4,,,,,,,,,,,,4.5,,,,,,,
Eswatini,SWZ,Low-birthweight babies (% of births),SH.STA.BRTW.ZS,,,,,,,,,,,,,,,,,,,,,,,,,,,,,,,,,,,,,,,,,8.7,,,,,,,9.1,9.2,,8.7,,,,,,,,
Sint Maarten (Dutch part),SXM,Low-birthweight babies (% of births),SH.STA.BRTW.ZS,,,,,,,,,,,,,,,,,,,,,,,,,,,,,,,,,,,,,,,,,,,,,,,,,,,,,,,,,,,
Seychelles,SYC,Low-birthweight babies (% of births),SH.STA.BRTW.ZS,,,,,,,,,,,,,,,,,,,,,,,,,,,,,,,,,,,,,,,,,,,,,,,,,,,,,,,,,,,
Syrian Arab Republic,SYR,Low-birthweight babies (% of births),SH.STA.BRTW.ZS,,,,,,,,,,,,,,,,,,,,,,,,,,,,,,,,,,,,,,,,,6,,,,,,9.4,,,10.3,,,,,,,,,
Turks and Caicos Islands,TCA,Low-birthweight babies (% of births),SH.STA.BRTW.ZS,,,,,,,,,,,,,,,,,,,,,,,,,,,,,,,,,,,,,,,,,,,,,,,,,7.4,,,,,,,,,,
Chad,TCD,Low-birthweight babies (% of births),SH.STA.BRTW.ZS,,,,,,,,,,,,,,,,,,,,,,,,,,,,,,,,,,,,,,16.6,,,9.6,,,,21.7,,,,,,19.9,,,,,,,,
East Asia & Pacific (IDA & IBRD countries),TEA,Low-birthweight babies (% of births),SH.STA.BRTW.ZS,,,,,,,,,,,,,,,,,,,,,,,,,,,,,,,,,,,,,,,,,6.09582845,,,,,,,,,,6.093819496,,,,,,,,
Europe & Central Asia (IDA & IBRD countries),TEC,Low-birthweight babies (% of births),SH.STA.BRTW.ZS,,,,,,,,,,,,,,,,,,,,,,,,,,,,,,,,,,,,,,,,,9.519664004,,,,,,,,,,7.239060888,,,,,,,,
Togo,TGO,Low-birthweight babies (% of births),SH.STA.BRTW.ZS,,,,,,,,,,,,,,,,,,,,,,,,,,,,,,,,,,,,,,,14.7,,17.9,,,,,,11.5,,,,11.1,,,,,,,,
Thailand,THA,Low-birthweight babies (% of births),SH.STA.BRTW.ZS,,,,,,,,,,,,,,,,,,,,,,,,,,,,,,,,,,,,,,,,,,8.8,,,,,9.2,,,6.6,11.3,,,,,,,,
Tajikistan,TJK,Low-birthweight babies (% of births),SH.STA.BRTW.ZS,,,,,,,,,,,,,,,,,,,,,,,,,,,,,,,,,,,,,,,,,15.4,,,,,10,,,,,,,,,,,,,
Turkmenistan,TKM,Low-birthweight babies (% of births),SH.STA.BRTW.ZS,,,,,,,,,,,,,,,,,,,,,,,,,,,,,,,,,,,,,,,,,6,,,,,,4,,,,,4.8,,,,,,,
Latin America & the Caribbean (IDA & IBRD countries),TLA,Low-birthweight babies (% of births),SH.STA.BRTW.ZS,,,,,,,,,,,,,,,,,,,,,,,,,,,,,,,,,,,,,,,,,,,,,,,,,,,8.956483756,,,,,,,,
Timor-Leste,TLS,Low-birthweight babies (% of births),SH.STA.BRTW.ZS,,,,,,,,,,,,,,,,,,,,,,,,,,,,,,,,,,,,,,,,,,,8.1,12,,,,,,,,,,,,,,,
Middle East & North Africa (IDA & IBRD countries),TMN,Low-birthweight babies (% of births),SH.STA.BRTW.ZS,,,,,,,,,,,,,,,,,,,,,,,,,,,,,,,,,,,,,,,,,,,,,,,,,,,13.90620559,,,,,,,,
Tonga,TON,Low-birthweight babies (% of births),SH.STA.BRTW.ZS,,,,,,,,,,,,,,,,,,,,,,,,,,,,,,,,,,,,,,,,,,0,3,,,,,,,,,,,,,,,,
South Asia (IDA & IBRD),TSA,Low-birthweight babies (% of births),SH.STA.BRTW.ZS,,,,,,,,,,,,,,,,,,,,,,,,,,,,,,,,,,,,,,,,,30.04064366,,,,,,,,,,,,,,,,,,
Sub-Saharan Africa (IDA & IBRD countries),TSS,Low-birthweight babies (% of births),SH.STA.BRTW.ZS,,,,,,,,,,,,,,,,,,,,,,,,,,,,,,,,,,,,,,,,,14.05153171,,,,,,,,,,,,,,,,,,
Trinidad and Tobago,TTO,Low-birthweight babies (% of births),SH.STA.BRTW.ZS,,,,,,,,,,,,,,,,,,,,,,,,,,,,,,,,,,,,,,,10.2,,23.2,,,,13.6,11.1,18.8,,10.2,,,11.9,,,,,,,
Tunisia,TUN,Low-birthweight babies (% of births),SH.STA.BRTW.ZS,,,,,,,,,,,,,,,,,,,,,,,,,,,,,,,,,,,,,,,,,6.7,,,,,,5.3,,,,,,6.9,,,,,,
Turkey,TUR,Low-birthweight babies (% of births),SH.STA.BRTW.ZS,,,,,,,,,,,,,,,,,,,,,,,,,,,,,,,,,,,,,,,15.5,,,,,11.3,,,,,11,,,,,,,,,,
Tuvalu,TUV,Low-birthweight babies (% of births),SH.STA.BRTW.ZS,,,,,,,,,,,,,,,,,,,,,,,,,,,,,,,,,,,,,,,,,5,,,,,,,6.1,,,,,,,,,,,
Tanzania,TZA,Low-birthweight babies (% of births),SH.STA.BRTW.ZS,,,,,,,,,,,,,,,,,,,,,,,,,,,,,,,,,16.4,,,,13.7,,,12.9,,,,,,9.5,,,,,8.4,,,,,,,,
Uganda,UGA,Low-birthweight babies (% of births),SH.STA.BRTW.ZS,,,,,,,,,,,,,,,,,,,,,,,,,,,,,,,,,,,,16.3,,,,,,12.3,,,,,14,,,,,11.8,,,,,,,
Ukraine,UKR,Low-birthweight babies (% of births),SH.STA.BRTW.ZS,,,,,,,,,,,,,,,,,,,,,,,,,,,,,,,,,,,,,,,,,,,,5.3,,4.3,,4,,,,5.3,,,,,,,
Upper middle income,UMC,Low-birthweight babies (% of births),SH.STA.BRTW.ZS,,,,,,,,,,,,,,,,,,,,,,,,,,,,,,,,,,,,,,,,,5.725228041,,,,,,,,,,5.814539581,,,,,,,,
Uruguay,URY,Low-birthweight babies (% of births),SH.STA.BRTW.ZS,,,,,,,,,,,,,,,,,,,,,,,,,,,,,,,,,,,,,,,,,,,8,,,,8.5,8.4,,8.7,,,8.1,,,,,,
United States,USA,Low-birthweight babies (% of births),SH.STA.BRTW.ZS,,,,,,,,,,,,,,,,,,,,,,,,,,,,,,,,,,,,,,,,,,,8,,,,,,,,8.1,,,,,,,,
Uzbekistan,UZB,Low-birthweight babies (% of births),SH.STA.BRTW.ZS,,,,,,,,,,,,,,,,,,,,,,,,,,,,,,,,,,,,,4.9,,,,6.7,,,,,,5,,,,,,,,,,,,
St. Vincent and the Grenadines,VCT,Low-birthweight babies (% of births),SH.STA.BRTW.ZS,,,,,,,,,,,,,,,,,,,,,,,,,,,,,,,,,,,,,5.1,,,10,,,,,4.8,4.8,7.9,7.9,7.9,,,10.6,,,,,,,
"Venezuela, RB",VEN,Low-birthweight babies (% of births),SH.STA.BRTW.ZS,,,,,,,,,,,,,,,,,,,,,,,,,,,,,,,,,,,,,,,,,7.4,,,8.7,8.8,,9.07,8.9,8,,,8.6,,,,,,,
British Virgin Islands,VGB,Low-birthweight babies (% of births),SH.STA.BRTW.ZS,,,,,,,,,,,,,,,,,,,,,,,,,,,,,,,,,,,,,,,,,,,,,,,,,4.5,,,,,,,,,,
Virgin Islands (U.S.),VIR,Low-birthweight babies (% of births),SH.STA.BRTW.ZS,,,,,,,,,,,,,,,,,,,,,,,,,,,,,,,,,,,,,,,,,,,,,,,,,,,,,,,,,,,
Vietnam,VNM,Low-birthweight babies (% of births),SH.STA.BRTW.ZS,,,,,,,,,,,,,,,,,,,,,,,,,,,,,,,,,,,,,,,,,8.8,,8.6,,,,7,,5.3,5.3,,5.1,,,,,,,
Vanuatu,VUT,Low-birthweight babies (% of births),SH.STA.BRTW.ZS,,,,,,,,,,,,,,,,,,,,,,,,,,,,,,,,,,,,,,,,,,5.6,,,,,,10,,,,,,,,,,,
World,WLD,Low-birthweight babies (% of births),SH.STA.BRTW.ZS,,,,,,,,,,,,,,,,,,,,,,,,,,,,,,,,,,,,,,,,,15.28248793,,,,,,,,,,10.54939333,,,,,,,,
Samoa,WSM,Low-birthweight babies (% of births),SH.STA.BRTW.ZS,,,,,,,,,,,,,,,,,,,,,,,,,,,,,,,,,,,,,,3.9,,,,,,,,,,,,10.2,,,,,,,,,
Kosovo,XKX,Low-birthweight babies (% of births),SH.STA.BRTW.ZS,,,,,,,,,,,,,,,,,,,,,,,,,,,,,,,,,,,,,,,,,,,,,,,,,,,,,,,,,,,
"Yemen, Rep.",YEM,Low-birthweight babies (% of births),SH.STA.BRTW.ZS,,,,,,,,,,,,,,,,,,,,,,,,,,,,,,,,,,,,,,31.9,,,,,,,,,,,,,32,,,,,,,,
South Africa,ZAF,Low-birthweight babies (% of births),SH.STA.BRTW.ZS,,,,,,,,,,,,,,,,,,,,,,,,,,,,,,,,,,,,,,,15.1,,,,,,,,,,,,,,,,,,,,
Zambia,ZMB,Low-birthweight babies (% of births),SH.STA.BRTW.ZS,,,,,,,,,,,,,,,,,,,,,,,,,,,,,,,,,12.7,,,,12.4,,,,9.5,,12,,,,,11,,,,,,,,,,,
Zimbabwe,ZWE,Low-birthweight babies (% of births),SH.STA.BRTW.ZS,,,,,,,,,,,,,,,,,,,,,,,,,,,,,,,,,,,14.3,,,,,11.4,,,,,,,11.4,,,,,11,,,,,,,
